office	date	dem
ak-senate-class-ii-2014	1-Jan-14	57.0417515099241
ak-senate-class-ii-2014	6-Jan-14	56.5844370033273
ak-senate-class-ii-2014	10-Jan-14	56.7057128740282
ak-senate-class-ii-2014	15-Jan-14	57.2171799651389
ak-senate-class-ii-2014	20-Jan-14	54.9364217000322
ak-senate-class-ii-2014	24-Jan-14	44.5580532271516
ak-senate-class-ii-2014	29-Jan-14	38.7026038130454
ak-senate-class-ii-2014	3-Feb-14	49.6355326472959
ak-senate-class-ii-2014	8-Feb-14	49.9015469595774
ak-senate-class-ii-2014	12-Feb-14	50.5777334004397
ak-senate-class-ii-2014	17-Feb-14	51.0514381972549
ak-senate-class-ii-2014	22-Feb-14	51.3882353001723
ak-senate-class-ii-2014	26-Feb-14	51.3484433648038
ak-senate-class-ii-2014	3-Mar-14	51.700149835649
ak-senate-class-ii-2014	8-Mar-14	52.1030607163967
ak-senate-class-ii-2014	12-Mar-14	52.5719855247498
ak-senate-class-ii-2014	17-Mar-14	52.6949571026086
ak-senate-class-ii-2014	22-Mar-14	49.1535049704059
ak-senate-class-ii-2014	26-Mar-14	49.1751114517438
ak-senate-class-ii-2014	31-Mar-14	48.5957939622375
ak-senate-class-ii-2014	5-Apr-14	48.9081155622038
ak-senate-class-ii-2014	9-Apr-14	48.8410394018872
ak-senate-class-ii-2014	14-Apr-14	49.1129147651355
ak-senate-class-ii-2014	19-Apr-14	49.2692640727293
ak-senate-class-ii-2014	24-Apr-14	49.4246130732595
ak-senate-class-ii-2014	28-Apr-14	49.4660941205523
ak-senate-class-ii-2014	3-May-14	49.4331874584424
ak-senate-class-ii-2014	8-May-14	49.8164093143275
ak-senate-class-ii-2014	12-May-14	49.7814159773099
ak-senate-class-ii-2014	17-May-14	50.3372506793859
al-senate-class-ii-2014	1-Jan-14	2.80795253085888e-09
al-senate-class-ii-2014	6-Jan-14	3.01250067821377e-09
al-senate-class-ii-2014	10-Jan-14	2.84589072245172e-09
al-senate-class-ii-2014	15-Jan-14	2.89668517979675e-09
al-senate-class-ii-2014	20-Jan-14	2.67091631513031e-09
al-senate-class-ii-2014	24-Jan-14	3.53570871780868e-09
al-senate-class-ii-2014	29-Jan-14	2.25028270529787e-09
al-senate-class-ii-2014	3-Feb-14	8.58103963322237e-10
al-senate-class-ii-2014	8-Feb-14	7.56064545919179e-10
al-senate-class-ii-2014	12-Feb-14	9.34951620876364e-10
al-senate-class-ii-2014	17-Feb-14	1.02294017624565e-09
al-senate-class-ii-2014	22-Feb-14	9.95098775495133e-10
al-senate-class-ii-2014	26-Feb-14	8.13993129694582e-10
al-senate-class-ii-2014	3-Mar-14	7.22994422334089e-10
al-senate-class-ii-2014	8-Mar-14	5.5873501605403e-10
al-senate-class-ii-2014	12-Mar-14	5.98391858943778e-10
al-senate-class-ii-2014	17-Mar-14	5.35074529024831e-10
al-senate-class-ii-2014	22-Mar-14	4.04613871472807e-10
al-senate-class-ii-2014	26-Mar-14	4.33103058230009e-10
al-senate-class-ii-2014	31-Mar-14	5.86355310839597e-10
al-senate-class-ii-2014	5-Apr-14	5.69976613804604e-10
al-senate-class-ii-2014	9-Apr-14	4.09222813269293e-10
al-senate-class-ii-2014	14-Apr-14	4.11344215402516e-10
al-senate-class-ii-2014	19-Apr-14	4.04676130886277e-10
al-senate-class-ii-2014	24-Apr-14	4.20383208431013e-10
al-senate-class-ii-2014	28-Apr-14	4.2305683646757e-10
al-senate-class-ii-2014	3-May-14	3.89198338739894e-10
al-senate-class-ii-2014	8-May-14	4.20943075016193e-10
al-senate-class-ii-2014	12-May-14	4.04598377869367e-10
al-senate-class-ii-2014	17-May-14	5.53737799450104e-10
ar-senate-class-ii-2014	1-Jan-14	30.7570580665779
ar-senate-class-ii-2014	6-Jan-14	30.2682803971275
ar-senate-class-ii-2014	10-Jan-14	30.3021661274446
ar-senate-class-ii-2014	15-Jan-14	30.6430082972292
ar-senate-class-ii-2014	20-Jan-14	28.6355714388784
ar-senate-class-ii-2014	24-Jan-14	29.5698386758397
ar-senate-class-ii-2014	29-Jan-14	27.5890608090963
ar-senate-class-ii-2014	3-Feb-14	26.9532108228588
ar-senate-class-ii-2014	8-Feb-14	26.1614220783941
ar-senate-class-ii-2014	12-Feb-14	24.3757673980119
ar-senate-class-ii-2014	17-Feb-14	24.4524997511337
ar-senate-class-ii-2014	22-Feb-14	25.5863609098465
ar-senate-class-ii-2014	26-Feb-14	25.2568649932835
ar-senate-class-ii-2014	3-Mar-14	25.057427124142
ar-senate-class-ii-2014	8-Mar-14	24.7956251458428
ar-senate-class-ii-2014	12-Mar-14	24.714457227108
ar-senate-class-ii-2014	17-Mar-14	24.3204992243952
ar-senate-class-ii-2014	22-Mar-14	23.4030615218164
ar-senate-class-ii-2014	26-Mar-14	23.1391779803856
ar-senate-class-ii-2014	31-Mar-14	22.1329724101988
ar-senate-class-ii-2014	5-Apr-14	21.9418971776203
ar-senate-class-ii-2014	9-Apr-14	32.6123128513383
ar-senate-class-ii-2014	14-Apr-14	40.9116977163244
ar-senate-class-ii-2014	19-Apr-14	45.3986162804715
ar-senate-class-ii-2014	24-Apr-14	45.8510221157188
ar-senate-class-ii-2014	28-Apr-14	46.1714462269476
ar-senate-class-ii-2014	3-May-14	46.6115985918848
ar-senate-class-ii-2014	8-May-14	47.3381236247423
ar-senate-class-ii-2014	12-May-14	47.8498997731074
ar-senate-class-ii-2014	17-May-14	48.847987211119
co-senate-class-ii-2014	1-Jan-14	88.1463466148293
co-senate-class-ii-2014	6-Jan-14	87.7081056303222
co-senate-class-ii-2014	10-Jan-14	87.5010238586588
co-senate-class-ii-2014	15-Jan-14	87.2989984287132
co-senate-class-ii-2014	20-Jan-14	85.5442480153903
co-senate-class-ii-2014	24-Jan-14	85.5472823746382
co-senate-class-ii-2014	29-Jan-14	84.9129771630005
co-senate-class-ii-2014	3-Feb-14	87.5641304207482
co-senate-class-ii-2014	8-Feb-14	87.0979444399602
co-senate-class-ii-2014	12-Feb-14	87.2447559528792
co-senate-class-ii-2014	17-Feb-14	87.1445566686123
co-senate-class-ii-2014	22-Feb-14	87.1095111192312
co-senate-class-ii-2014	26-Feb-14	86.8359363822565
co-senate-class-ii-2014	3-Mar-14	69.9875414196007
co-senate-class-ii-2014	8-Mar-14	69.8625781158557
co-senate-class-ii-2014	12-Mar-14	70.8186794062716
co-senate-class-ii-2014	17-Mar-14	68.222598835061
co-senate-class-ii-2014	22-Mar-14	66.9952821910333
co-senate-class-ii-2014	26-Mar-14	67.0382119351383
co-senate-class-ii-2014	31-Mar-14	65.9457709894989
co-senate-class-ii-2014	5-Apr-14	66.2058538168834
co-senate-class-ii-2014	9-Apr-14	66.2692970984371
co-senate-class-ii-2014	14-Apr-14	66.5446270538123
co-senate-class-ii-2014	19-Apr-14	69.5662882032239
co-senate-class-ii-2014	24-Apr-14	69.7411888818183
co-senate-class-ii-2014	28-Apr-14	69.838368391953
co-senate-class-ii-2014	3-May-14	69.977888461058
co-senate-class-ii-2014	8-May-14	70.3297299916653
co-senate-class-ii-2014	12-May-14	70.588220690034
co-senate-class-ii-2014	17-May-14	71.0332974453029
de-senate-class-ii-2014	1-Jan-14	97.3265427375563
de-senate-class-ii-2014	6-Jan-14	97.2492160251758
de-senate-class-ii-2014	10-Jan-14	97.2136596714072
de-senate-class-ii-2014	15-Jan-14	97.2519048107223
de-senate-class-ii-2014	20-Jan-14	96.6253089600305
de-senate-class-ii-2014	24-Jan-14	96.8376453567036
de-senate-class-ii-2014	29-Jan-14	96.6842464431657
de-senate-class-ii-2014	3-Feb-14	97.5824246035183
de-senate-class-ii-2014	8-Feb-14	97.5437644238386
de-senate-class-ii-2014	12-Feb-14	97.6857877914893
de-senate-class-ii-2014	17-Feb-14	97.7607543144142
de-senate-class-ii-2014	22-Feb-14	97.8175157036173
de-senate-class-ii-2014	26-Feb-14	97.8055260932948
de-senate-class-ii-2014	3-Mar-14	97.7948702660544
de-senate-class-ii-2014	8-Mar-14	97.8570333575292
de-senate-class-ii-2014	12-Mar-14	97.8666266898668
de-senate-class-ii-2014	17-Mar-14	97.8338144003416
de-senate-class-ii-2014	22-Mar-14	97.6929638827581
de-senate-class-ii-2014	26-Mar-14	97.7181800445358
de-senate-class-ii-2014	31-Mar-14	97.4313127091365
de-senate-class-ii-2014	5-Apr-14	97.5361478875702
de-senate-class-ii-2014	9-Apr-14	97.4344586364837
de-senate-class-ii-2014	14-Apr-14	97.5084559191449
de-senate-class-ii-2014	19-Apr-14	97.5432913494677
de-senate-class-ii-2014	24-Apr-14	97.5577929187538
de-senate-class-ii-2014	28-Apr-14	97.5655041197564
de-senate-class-ii-2014	3-May-14	97.5642032429488
de-senate-class-ii-2014	8-May-14	97.6767222710148
de-senate-class-ii-2014	12-May-14	97.6972952816093
de-senate-class-ii-2014	17-May-14	97.746907879346
ga-senate-class-ii-2014	1-Jan-14	18.2511677133729
ga-senate-class-ii-2014	6-Jan-14	17.8127963084388
ga-senate-class-ii-2014	10-Jan-14	17.8338955601895
ga-senate-class-ii-2014	15-Jan-14	17.9514587635508
ga-senate-class-ii-2014	20-Jan-14	16.5492425856165
ga-senate-class-ii-2014	24-Jan-14	17.3709344897247
ga-senate-class-ii-2014	29-Jan-14	16.9957302981174
ga-senate-class-ii-2014	3-Feb-14	23.4727268430282
ga-senate-class-ii-2014	8-Feb-14	23.5540959889266
ga-senate-class-ii-2014	12-Feb-14	23.9005744064223
ga-senate-class-ii-2014	17-Feb-14	24.2666021638683
ga-senate-class-ii-2014	22-Feb-14	24.4711119676434
ga-senate-class-ii-2014	26-Feb-14	24.4069322839856
ga-senate-class-ii-2014	3-Mar-14	24.606930685712
ga-senate-class-ii-2014	8-Mar-14	25.0172563294989
ga-senate-class-ii-2014	12-Mar-14	24.9180096231229
ga-senate-class-ii-2014	17-Mar-14	25.1386403692587
ga-senate-class-ii-2014	22-Mar-14	26.3326375603981
ga-senate-class-ii-2014	26-Mar-14	26.7417884244941
ga-senate-class-ii-2014	31-Mar-14	25.9213553161516
ga-senate-class-ii-2014	5-Apr-14	26.3463117725399
ga-senate-class-ii-2014	9-Apr-14	25.9682186061087
ga-senate-class-ii-2014	14-Apr-14	26.1405529681802
ga-senate-class-ii-2014	19-Apr-14	26.2332260592895
ga-senate-class-ii-2014	24-Apr-14	26.5010462633823
ga-senate-class-ii-2014	28-Apr-14	26.5995265376025
ga-senate-class-ii-2014	3-May-14	26.7351994744418
ga-senate-class-ii-2014	8-May-14	27.0390274861644
ga-senate-class-ii-2014	12-May-14	27.2780071406727
ga-senate-class-ii-2014	17-May-14	28.0773740435864
hi-senate-class-iii-2014	1-Jan-14	97.9507723297106
hi-senate-class-iii-2014	6-Jan-14	97.8869249071698
hi-senate-class-iii-2014	10-Jan-14	97.849722918807
hi-senate-class-iii-2014	15-Jan-14	97.8665406621115
hi-senate-class-iii-2014	20-Jan-14	97.3356580020626
hi-senate-class-iii-2014	24-Jan-14	97.4885792647999
hi-senate-class-iii-2014	29-Jan-14	97.3500324720397
hi-senate-class-iii-2014	3-Feb-14	98.2316458342693
hi-senate-class-iii-2014	8-Feb-14	98.2272997125849
hi-senate-class-iii-2014	12-Feb-14	98.2433918801053
hi-senate-class-iii-2014	17-Feb-14	98.3491163155284
hi-senate-class-iii-2014	22-Feb-14	99.6849638615864
hi-senate-class-iii-2014	26-Feb-14	99.6930442492152
hi-senate-class-iii-2014	3-Mar-14	99.701142870663
hi-senate-class-iii-2014	8-Mar-14	99.7207424439539
hi-senate-class-iii-2014	12-Mar-14	99.7121265419471
hi-senate-class-iii-2014	17-Mar-14	99.702732029194
hi-senate-class-iii-2014	22-Mar-14	99.6824575099956
hi-senate-class-iii-2014	26-Mar-14	99.6811530880979
hi-senate-class-iii-2014	31-Mar-14	99.6195639966884
hi-senate-class-iii-2014	5-Apr-14	99.6422069623173
hi-senate-class-iii-2014	9-Apr-14	99.626998278855
hi-senate-class-iii-2014	14-Apr-14	99.6342684305481
hi-senate-class-iii-2014	19-Apr-14	99.6396238838144
hi-senate-class-iii-2014	24-Apr-14	99.6404171947857
hi-senate-class-iii-2014	28-Apr-14	99.6390093987185
hi-senate-class-iii-2014	3-May-14	99.6432994584251
hi-senate-class-iii-2014	8-May-14	99.660917667296
hi-senate-class-iii-2014	12-May-14	99.6647146897689
hi-senate-class-iii-2014	17-May-14	99.6675576788539
ia-senate-class-ii-2014	1-Jan-14	76.0071062298328
ia-senate-class-ii-2014	6-Jan-14	75.6306907888712
ia-senate-class-ii-2014	10-Jan-14	75.5512682836907
ia-senate-class-ii-2014	15-Jan-14	75.8273879431527
ia-senate-class-ii-2014	20-Jan-14	73.6279390681898
ia-senate-class-ii-2014	24-Jan-14	74.3370059381002
ia-senate-class-ii-2014	29-Jan-14	73.7935649319188
ia-senate-class-ii-2014	3-Feb-14	79.5739480528353
ia-senate-class-ii-2014	8-Feb-14	79.6605302669567
ia-senate-class-ii-2014	12-Feb-14	80.2598279697673
ia-senate-class-ii-2014	17-Feb-14	78.3234155275956
ia-senate-class-ii-2014	22-Feb-14	78.4665876195532
ia-senate-class-ii-2014	26-Feb-14	78.9528951008697
ia-senate-class-ii-2014	3-Mar-14	78.9320871420181
ia-senate-class-ii-2014	8-Mar-14	79.2221885814648
ia-senate-class-ii-2014	12-Mar-14	81.2537941384422
ia-senate-class-ii-2014	17-Mar-14	81.6902682945751
ia-senate-class-ii-2014	22-Mar-14	81.2911347107445
ia-senate-class-ii-2014	26-Mar-14	82.3002971521923
ia-senate-class-ii-2014	31-Mar-14	81.410086680969
ia-senate-class-ii-2014	5-Apr-14	81.6832893464425
ia-senate-class-ii-2014	9-Apr-14	85.2565916527703
ia-senate-class-ii-2014	14-Apr-14	85.5085730169498
ia-senate-class-ii-2014	19-Apr-14	85.9077989849605
ia-senate-class-ii-2014	24-Apr-14	86.1679718798659
ia-senate-class-ii-2014	28-Apr-14	86.3964304044338
ia-senate-class-ii-2014	3-May-14	86.7531434651788
ia-senate-class-ii-2014	8-May-14	87.3095095774372
ia-senate-class-ii-2014	12-May-14	87.7248402097294
ia-senate-class-ii-2014	17-May-14	88.2262132475276
id-senate-class-ii-2014	1-Jan-14	0.0491647900571392
id-senate-class-ii-2014	6-Jan-14	0.0461189074511483
id-senate-class-ii-2014	10-Jan-14	0.0462909484626132
id-senate-class-ii-2014	15-Jan-14	0.0490437757992996
id-senate-class-ii-2014	20-Jan-14	0.0380596030742159
id-senate-class-ii-2014	24-Jan-14	0.0453091576642507
id-senate-class-ii-2014	29-Jan-14	0.0385053190791146
id-senate-class-ii-2014	3-Feb-14	0.0290224666755149
id-senate-class-ii-2014	8-Feb-14	0.0280158925842882
id-senate-class-ii-2014	12-Feb-14	0.0308192844765834
id-senate-class-ii-2014	17-Feb-14	0.0323011207737288
id-senate-class-ii-2014	22-Feb-14	0.0318483875513723
id-senate-class-ii-2014	26-Feb-14	0.029044100041252
id-senate-class-ii-2014	3-Mar-14	0.0279266412400195
id-senate-class-ii-2014	8-Mar-14	0.0262348038594126
id-senate-class-ii-2014	12-Mar-14	0.027190412711648
id-senate-class-ii-2014	17-Mar-14	0.0269445310568447
id-senate-class-ii-2014	22-Mar-14	0.0244679707471465
id-senate-class-ii-2014	26-Mar-14	0.0255999864665689
id-senate-class-ii-2014	31-Mar-14	0.025471145512057
id-senate-class-ii-2014	5-Apr-14	0.0269722630081877
id-senate-class-ii-2014	9-Apr-14	0.0239984822210707
id-senate-class-ii-2014	14-Apr-14	0.0232270969733055
id-senate-class-ii-2014	19-Apr-14	0.0228715283890873
id-senate-class-ii-2014	24-Apr-14	0.0237988934231525
id-senate-class-ii-2014	28-Apr-14	0.0234879538835916
id-senate-class-ii-2014	3-May-14	0.0229698233773479
id-senate-class-ii-2014	8-May-14	0.0230422951970326
id-senate-class-ii-2014	12-May-14	0.0232911090426186
id-senate-class-ii-2014	17-May-14	0.0275781885086531
il-senate-class-ii-2014	1-Jan-14	98.2966130768631
il-senate-class-ii-2014	6-Jan-14	98.2594247146412
il-senate-class-ii-2014	10-Jan-14	98.2560747480525
il-senate-class-ii-2014	15-Jan-14	98.2607344574136
il-senate-class-ii-2014	20-Jan-14	97.9807161709689
il-senate-class-ii-2014	24-Jan-14	98.0649399511684
il-senate-class-ii-2014	29-Jan-14	98.09865604094
il-senate-class-ii-2014	3-Feb-14	96.6472758238007
il-senate-class-ii-2014	8-Feb-14	96.7028635034869
il-senate-class-ii-2014	12-Feb-14	96.8165801498322
il-senate-class-ii-2014	17-Feb-14	96.9350379886405
il-senate-class-ii-2014	22-Feb-14	97.056152027169
il-senate-class-ii-2014	26-Feb-14	97.1127871175023
il-senate-class-ii-2014	3-Mar-14	97.214985103901
il-senate-class-ii-2014	8-Mar-14	97.3872447977599
il-senate-class-ii-2014	12-Mar-14	97.380637279946
il-senate-class-ii-2014	17-Mar-14	97.4454101522253
il-senate-class-ii-2014	22-Mar-14	96.6094224991959
il-senate-class-ii-2014	26-Mar-14	96.6685570214643
il-senate-class-ii-2014	31-Mar-14	96.3362909180697
il-senate-class-ii-2014	5-Apr-14	96.5030786397734
il-senate-class-ii-2014	9-Apr-14	96.4952978560498
il-senate-class-ii-2014	14-Apr-14	97.6820832053177
il-senate-class-ii-2014	19-Apr-14	97.7939460200749
il-senate-class-ii-2014	24-Apr-14	97.8856780292569
il-senate-class-ii-2014	28-Apr-14	97.9669096940646
il-senate-class-ii-2014	3-May-14	98.0976024750162
il-senate-class-ii-2014	8-May-14	98.2842259789131
il-senate-class-ii-2014	12-May-14	98.4095932562358
il-senate-class-ii-2014	17-May-14	98.5560009333754
ks-senate-class-ii-2014	1-Jan-14	2.48430436625635
ks-senate-class-ii-2014	6-Jan-14	2.36615308571023
ks-senate-class-ii-2014	10-Jan-14	2.36183622138974
ks-senate-class-ii-2014	15-Jan-14	2.44018095447942
ks-senate-class-ii-2014	20-Jan-14	2.02936580568272
ks-senate-class-ii-2014	24-Jan-14	2.28326472839369
ks-senate-class-ii-2014	29-Jan-14	2.07155297569554
ks-senate-class-ii-2014	3-Feb-14	5.21128899251394
ks-senate-class-ii-2014	8-Feb-14	5.09760894413647
ks-senate-class-ii-2014	12-Feb-14	5.2545242006245
ks-senate-class-ii-2014	17-Feb-14	5.37845238503342
ks-senate-class-ii-2014	22-Feb-14	1.52598539361862
ks-senate-class-ii-2014	26-Feb-14	1.89035047010635
ks-senate-class-ii-2014	3-Mar-14	1.82315483748298
ks-senate-class-ii-2014	8-Mar-14	1.77450311439289
ks-senate-class-ii-2014	12-Mar-14	1.71981597893661
ks-senate-class-ii-2014	17-Mar-14	1.64364423141568
ks-senate-class-ii-2014	22-Mar-14	1.54393865296293
ks-senate-class-ii-2014	26-Mar-14	1.5013383217448
ks-senate-class-ii-2014	31-Mar-14	1.41912498981955
ks-senate-class-ii-2014	5-Apr-14	1.42058271284933
ks-senate-class-ii-2014	9-Apr-14	1.33802294045835
ks-senate-class-ii-2014	14-Apr-14	1.28472924929688
ks-senate-class-ii-2014	19-Apr-14	1.09871554490587
ks-senate-class-ii-2014	24-Apr-14	1.06164864986314
ks-senate-class-ii-2014	28-Apr-14	1.03060328380284
ks-senate-class-ii-2014	3-May-14	0.962672296363557
ks-senate-class-ii-2014	8-May-14	0.921801523703692
ks-senate-class-ii-2014	12-May-14	0.872403517484091
ks-senate-class-ii-2014	17-May-14	0.861591413344452
ky-senate-class-ii-2014	1-Jan-14	21.4171091054763
ky-senate-class-ii-2014	6-Jan-14	18.8339308729492
ky-senate-class-ii-2014	10-Jan-14	18.8607312773735
ky-senate-class-ii-2014	15-Jan-14	19.0165168780552
ky-senate-class-ii-2014	20-Jan-14	17.6598949401303
ky-senate-class-ii-2014	24-Jan-14	18.6488756568423
ky-senate-class-ii-2014	29-Jan-14	17.7039305105881
ky-senate-class-ii-2014	3-Feb-14	17.6567335968088
ky-senate-class-ii-2014	8-Feb-14	19.5598136832727
ky-senate-class-ii-2014	12-Feb-14	20.6279021732168
ky-senate-class-ii-2014	17-Feb-14	21.3538413042765
ky-senate-class-ii-2014	22-Feb-14	21.7429788627449
ky-senate-class-ii-2014	26-Feb-14	21.9164860283729
ky-senate-class-ii-2014	3-Mar-14	22.7954644819716
ky-senate-class-ii-2014	8-Mar-14	23.6736643741375
ky-senate-class-ii-2014	12-Mar-14	23.6548035074274
ky-senate-class-ii-2014	17-Mar-14	24.0349570266921
ky-senate-class-ii-2014	22-Mar-14	24.058386544651
ky-senate-class-ii-2014	26-Mar-14	24.408490404207
ky-senate-class-ii-2014	31-Mar-14	24.3104985347067
ky-senate-class-ii-2014	5-Apr-14	24.8747384484649
ky-senate-class-ii-2014	9-Apr-14	21.0810699612373
ky-senate-class-ii-2014	14-Apr-14	21.1131681630162
ky-senate-class-ii-2014	19-Apr-14	21.0194881954901
ky-senate-class-ii-2014	24-Apr-14	21.0499801014609
ky-senate-class-ii-2014	28-Apr-14	20.9424012303077
ky-senate-class-ii-2014	3-May-14	20.8809480233078
ky-senate-class-ii-2014	8-May-14	20.8736070431672
ky-senate-class-ii-2014	12-May-14	20.6797912361592
ky-senate-class-ii-2014	17-May-14	20.8649373766954
la-senate-class-ii-2014	1-Jan-14	76.0229503532409
la-senate-class-ii-2014	6-Jan-14	75.5069803137352
la-senate-class-ii-2014	10-Jan-14	75.6100581203004
la-senate-class-ii-2014	15-Jan-14	75.2900979131214
la-senate-class-ii-2014	20-Jan-14	62.6177417400108
la-senate-class-ii-2014	24-Jan-14	60.7410486202211
la-senate-class-ii-2014	29-Jan-14	48.2214915500456
la-senate-class-ii-2014	3-Feb-14	50.2823918748579
la-senate-class-ii-2014	8-Feb-14	50.5711909609274
la-senate-class-ii-2014	12-Feb-14	49.4478993840646
la-senate-class-ii-2014	17-Feb-14	50.1390134211622
la-senate-class-ii-2014	22-Feb-14	51.0897865238999
la-senate-class-ii-2014	26-Feb-14	41.9626994721409
la-senate-class-ii-2014	3-Mar-14	42.3676845395252
la-senate-class-ii-2014	8-Mar-14	42.7409307335912
la-senate-class-ii-2014	12-Mar-14	43.1698482433223
la-senate-class-ii-2014	17-Mar-14	43.2417143251665
la-senate-class-ii-2014	22-Mar-14	42.904462182556
la-senate-class-ii-2014	26-Mar-14	43.3314047607308
la-senate-class-ii-2014	31-Mar-14	42.9583292776197
la-senate-class-ii-2014	5-Apr-14	42.3892971721909
la-senate-class-ii-2014	9-Apr-14	42.5646095154175
la-senate-class-ii-2014	14-Apr-14	42.7956820944722
la-senate-class-ii-2014	19-Apr-14	36.0731911493605
la-senate-class-ii-2014	24-Apr-14	36.1714275783024
la-senate-class-ii-2014	28-Apr-14	36.1565579858578
la-senate-class-ii-2014	3-May-14	36.0785457730936
la-senate-class-ii-2014	8-May-14	36.2309767246949
la-senate-class-ii-2014	12-May-14	36.1990684473563
la-senate-class-ii-2014	17-May-14	36.5386392941213
ma-senate-class-ii-2014	1-Jan-14	97.7914673678651
ma-senate-class-ii-2014	6-Jan-14	97.7275165527983
ma-senate-class-ii-2014	10-Jan-14	97.6948541389929
ma-senate-class-ii-2014	15-Jan-14	97.7248572942502
ma-senate-class-ii-2014	20-Jan-14	97.1833457559226
ma-senate-class-ii-2014	24-Jan-14	97.3572539927506
ma-senate-class-ii-2014	29-Jan-14	97.2079737204409
ma-senate-class-ii-2014	3-Feb-14	97.952681816911
ma-senate-class-ii-2014	8-Feb-14	97.9249143775291
ma-senate-class-ii-2014	12-Feb-14	98.0560164078373
ma-senate-class-ii-2014	17-Feb-14	98.1211006983223
ma-senate-class-ii-2014	22-Feb-14	98.1768969070179
ma-senate-class-ii-2014	26-Feb-14	98.16964034165
ma-senate-class-ii-2014	3-Mar-14	98.1523520097933
ma-senate-class-ii-2014	8-Mar-14	98.1989765234378
ma-senate-class-ii-2014	12-Mar-14	98.2176697200048
ma-senate-class-ii-2014	17-Mar-14	98.187777044031
ma-senate-class-ii-2014	22-Mar-14	98.0698108960536
ma-senate-class-ii-2014	26-Mar-14	98.0947756939646
ma-senate-class-ii-2014	31-Mar-14	97.8399009428249
ma-senate-class-ii-2014	5-Apr-14	97.9307068815294
ma-senate-class-ii-2014	9-Apr-14	97.8401868950522
ma-senate-class-ii-2014	14-Apr-14	97.9045954222965
ma-senate-class-ii-2014	19-Apr-14	97.9359207995786
ma-senate-class-ii-2014	24-Apr-14	97.9494520719621
ma-senate-class-ii-2014	28-Apr-14	97.9584395202978
ma-senate-class-ii-2014	3-May-14	97.9586263700836
ma-senate-class-ii-2014	8-May-14	98.0580282025685
ma-senate-class-ii-2014	12-May-14	98.0834484916612
ma-senate-class-ii-2014	17-May-14	98.1269258193626
me-senate-class-ii-2014	1-Jan-14	2.7055929157754
me-senate-class-ii-2014	6-Jan-14	2.57975421263562
me-senate-class-ii-2014	10-Jan-14	2.56313573287843
me-senate-class-ii-2014	15-Jan-14	2.61935365559634
me-senate-class-ii-2014	20-Jan-14	2.16230415444041
me-senate-class-ii-2014	24-Jan-14	2.31829803420423
me-senate-class-ii-2014	29-Jan-14	2.11391401866397
me-senate-class-ii-2014	3-Feb-14	2.11614290384701
me-senate-class-ii-2014	8-Feb-14	2.13269077522259
me-senate-class-ii-2014	12-Feb-14	2.33348176345181
me-senate-class-ii-2014	17-Feb-14	2.39937428215419
me-senate-class-ii-2014	22-Feb-14	2.47616453516768
me-senate-class-ii-2014	26-Feb-14	2.50492123449044
me-senate-class-ii-2014	3-Mar-14	2.4053603678877
me-senate-class-ii-2014	8-Mar-14	2.26254026344017
me-senate-class-ii-2014	12-Mar-14	2.39729951628363
me-senate-class-ii-2014	17-Mar-14	2.38084128919791
me-senate-class-ii-2014	22-Mar-14	2.25845642855788
me-senate-class-ii-2014	26-Mar-14	2.3351575653844
me-senate-class-ii-2014	31-Mar-14	2.17289938757646
me-senate-class-ii-2014	5-Apr-14	2.27040675354662
me-senate-class-ii-2014	9-Apr-14	2.09666608950397
me-senate-class-ii-2014	14-Apr-14	2.05872839969688
me-senate-class-ii-2014	19-Apr-14	1.45276917852033
me-senate-class-ii-2014	24-Apr-14	1.51363911856499
me-senate-class-ii-2014	28-Apr-14	1.51388684684874
me-senate-class-ii-2014	3-May-14	1.5120425214095
me-senate-class-ii-2014	8-May-14	1.45697350738908
me-senate-class-ii-2014	12-May-14	1.51869475723984
me-senate-class-ii-2014	17-May-14	1.70767165055236
mi-senate-class-ii-2014	1-Jan-14	60.0283041434223
mi-senate-class-ii-2014	6-Jan-14	59.3817908204916
mi-senate-class-ii-2014	10-Jan-14	55.5820963736457
mi-senate-class-ii-2014	15-Jan-14	55.446316089607
mi-senate-class-ii-2014	20-Jan-14	51.9774413960387
mi-senate-class-ii-2014	24-Jan-14	52.5790251286682
mi-senate-class-ii-2014	29-Jan-14	51.1749632543656
mi-senate-class-ii-2014	3-Feb-14	48.1347644511809
mi-senate-class-ii-2014	8-Feb-14	47.4276344117649
mi-senate-class-ii-2014	12-Feb-14	46.8379545191576
mi-senate-class-ii-2014	17-Feb-14	46.2957778668883
mi-senate-class-ii-2014	22-Feb-14	45.5122647884592
mi-senate-class-ii-2014	26-Feb-14	48.8074994703054
mi-senate-class-ii-2014	3-Mar-14	48.098824289752
mi-senate-class-ii-2014	8-Mar-14	47.3934321356016
mi-senate-class-ii-2014	12-Mar-14	50.516385428843
mi-senate-class-ii-2014	17-Mar-14	49.7367425190087
mi-senate-class-ii-2014	22-Mar-14	48.5742646005288
mi-senate-class-ii-2014	26-Mar-14	48.2336978947165
mi-senate-class-ii-2014	31-Mar-14	45.9608335564822
mi-senate-class-ii-2014	5-Apr-14	45.5697467097949
mi-senate-class-ii-2014	9-Apr-14	53.0058851380443
mi-senate-class-ii-2014	14-Apr-14	53.1838861310697
mi-senate-class-ii-2014	19-Apr-14	51.0694044090511
mi-senate-class-ii-2014	24-Apr-14	51.0849568653423
mi-senate-class-ii-2014	28-Apr-14	51.013031834572
mi-senate-class-ii-2014	3-May-14	50.9413564108091
mi-senate-class-ii-2014	8-May-14	51.0822439638946
mi-senate-class-ii-2014	12-May-14	51.0345548907093
mi-senate-class-ii-2014	17-May-14	51.218340040617
mn-senate-class-ii-2014	1-Jan-14	94.1864251325155
mn-senate-class-ii-2014	6-Jan-14	94.0269937638499
mn-senate-class-ii-2014	10-Jan-14	93.9846663521458
mn-senate-class-ii-2014	15-Jan-14	93.9585911742063
mn-senate-class-ii-2014	20-Jan-14	93.1427942669297
mn-senate-class-ii-2014	24-Jan-14	93.3244302746381
mn-senate-class-ii-2014	29-Jan-14	93.254594809267
mn-senate-class-ii-2014	3-Feb-14	94.4484070791847
mn-senate-class-ii-2014	8-Feb-14	94.5943057467696
mn-senate-class-ii-2014	12-Feb-14	94.8465383256919
mn-senate-class-ii-2014	17-Feb-14	95.2040301558678
mn-senate-class-ii-2014	22-Feb-14	95.4317718763782
mn-senate-class-ii-2014	26-Feb-14	95.4652748538758
mn-senate-class-ii-2014	3-Mar-14	95.5639652049303
mn-senate-class-ii-2014	8-Mar-14	95.7825554588399
mn-senate-class-ii-2014	12-Mar-14	95.7626447631936
mn-senate-class-ii-2014	17-Mar-14	95.8326899137919
mn-senate-class-ii-2014	22-Mar-14	95.7176747810453
mn-senate-class-ii-2014	26-Mar-14	95.7771474924957
mn-senate-class-ii-2014	31-Mar-14	95.3564784750488
mn-senate-class-ii-2014	5-Apr-14	95.5207882408834
mn-senate-class-ii-2014	9-Apr-14	95.5023926507511
mn-senate-class-ii-2014	14-Apr-14	95.6827140165082
mn-senate-class-ii-2014	19-Apr-14	95.7647376038652
mn-senate-class-ii-2014	24-Apr-14	95.8592153813433
mn-senate-class-ii-2014	28-Apr-14	95.9465327571469
mn-senate-class-ii-2014	3-May-14	96.082333526195
mn-senate-class-ii-2014	8-May-14	96.3324818370937
mn-senate-class-ii-2014	12-May-14	96.477044083456
mn-senate-class-ii-2014	17-May-14	96.6598272605559
ms-senate-class-ii-2014	1-Jan-14	4.17240885337323
ms-senate-class-ii-2014	6-Jan-14	4.02111962971146
ms-senate-class-ii-2014	10-Jan-14	3.99571952763905
ms-senate-class-ii-2014	15-Jan-14	3.98039185407845
ms-senate-class-ii-2014	20-Jan-14	3.52743711096008
ms-senate-class-ii-2014	24-Jan-14	3.61323451762585
ms-senate-class-ii-2014	29-Jan-14	3.42039444534975
ms-senate-class-ii-2014	3-Feb-14	7.36771005422584
ms-senate-class-ii-2014	8-Feb-14	7.1207032956706
ms-senate-class-ii-2014	12-Feb-14	7.02681360163368
ms-senate-class-ii-2014	17-Feb-14	7.10410447572201
ms-senate-class-ii-2014	22-Feb-14	6.8859273549884
ms-senate-class-ii-2014	26-Feb-14	6.7208110545288
ms-senate-class-ii-2014	3-Mar-14	9.20146915392735
ms-senate-class-ii-2014	8-Mar-14	9.12792778813895
ms-senate-class-ii-2014	12-Mar-14	8.91230023685031
ms-senate-class-ii-2014	17-Mar-14	8.7537984784993
ms-senate-class-ii-2014	22-Mar-14	8.40743571082126
ms-senate-class-ii-2014	26-Mar-14	8.24598848407343
ms-senate-class-ii-2014	31-Mar-14	8.06001769900321
ms-senate-class-ii-2014	5-Apr-14	7.91806235461966
ms-senate-class-ii-2014	9-Apr-14	10.3607716144082
ms-senate-class-ii-2014	14-Apr-14	10.4077977224214
ms-senate-class-ii-2014	19-Apr-14	10.1767044361751
ms-senate-class-ii-2014	24-Apr-14	10.0470445333491
ms-senate-class-ii-2014	28-Apr-14	9.80780216458706
ms-senate-class-ii-2014	3-May-14	9.60647195178465
ms-senate-class-ii-2014	8-May-14	9.56825885740405
ms-senate-class-ii-2014	12-May-14	9.21374433477912
ms-senate-class-ii-2014	17-May-14	9.15592918600371
mt-senate-class-ii-2014	1-Jan-14	16.9353063338641
mt-senate-class-ii-2014	6-Jan-14	16.1967314283417
mt-senate-class-ii-2014	10-Jan-14	15.8407454399741
mt-senate-class-ii-2014	15-Jan-14	15.3601585258007
mt-senate-class-ii-2014	20-Jan-14	13.8178802767392
mt-senate-class-ii-2014	24-Jan-14	13.6772569990172
mt-senate-class-ii-2014	29-Jan-14	17.0967830044885
mt-senate-class-ii-2014	3-Feb-14	14.2095136119905
mt-senate-class-ii-2014	8-Feb-14	13.4945387550391
mt-senate-class-ii-2014	12-Feb-14	13.2513508836679
mt-senate-class-ii-2014	17-Feb-14	12.8559437322304
mt-senate-class-ii-2014	22-Feb-14	12.4512848288948
mt-senate-class-ii-2014	26-Feb-14	12.0583206557963
mt-senate-class-ii-2014	3-Mar-14	11.7510274289791
mt-senate-class-ii-2014	8-Mar-14	11.4957781946812
mt-senate-class-ii-2014	12-Mar-14	11.2022014635306
mt-senate-class-ii-2014	17-Mar-14	10.7634045755342
mt-senate-class-ii-2014	22-Mar-14	13.1167408001292
mt-senate-class-ii-2014	26-Mar-14	12.9705910305389
mt-senate-class-ii-2014	31-Mar-14	12.4926959612454
mt-senate-class-ii-2014	5-Apr-14	12.5216957517765
mt-senate-class-ii-2014	9-Apr-14	12.1867431871252
mt-senate-class-ii-2014	14-Apr-14	12.7432415289178
mt-senate-class-ii-2014	19-Apr-14	13.790444740393
mt-senate-class-ii-2014	24-Apr-14	13.5237253039885
mt-senate-class-ii-2014	28-Apr-14	13.1678820304281
mt-senate-class-ii-2014	3-May-14	12.7082735175992
mt-senate-class-ii-2014	8-May-14	12.1670746006279
mt-senate-class-ii-2014	12-May-14	11.6047486989318
mt-senate-class-ii-2014	17-May-14	11.3533437733692
nc-senate-class-ii-2014	1-Jan-14	77.6692235004114
nc-senate-class-ii-2014	6-Jan-14	77.1150966553124
nc-senate-class-ii-2014	10-Jan-14	76.9528691807766
nc-senate-class-ii-2014	15-Jan-14	72.0180939679337
nc-senate-class-ii-2014	20-Jan-14	69.3926445540912
nc-senate-class-ii-2014	24-Jan-14	67.2220328514587
nc-senate-class-ii-2014	29-Jan-14	65.4303641397893
nc-senate-class-ii-2014	3-Feb-14	67.7593842276976
nc-senate-class-ii-2014	8-Feb-14	67.1740035833094
nc-senate-class-ii-2014	12-Feb-14	65.0006103052286
nc-senate-class-ii-2014	17-Feb-14	64.5762418084126
nc-senate-class-ii-2014	22-Feb-14	64.8961249421111
nc-senate-class-ii-2014	26-Feb-14	63.4236526646156
nc-senate-class-ii-2014	3-Mar-14	61.7798374450632
nc-senate-class-ii-2014	8-Mar-14	60.7949344374009
nc-senate-class-ii-2014	12-Mar-14	60.4689288879066
nc-senate-class-ii-2014	17-Mar-14	59.3277604626872
nc-senate-class-ii-2014	22-Mar-14	57.1544997314889
nc-senate-class-ii-2014	26-Mar-14	56.3744040201577
nc-senate-class-ii-2014	31-Mar-14	54.862693254195
nc-senate-class-ii-2014	5-Apr-14	54.9368607093112
nc-senate-class-ii-2014	9-Apr-14	53.0358853848447
nc-senate-class-ii-2014	14-Apr-14	53.043899667162
nc-senate-class-ii-2014	19-Apr-14	52.7920071066889
nc-senate-class-ii-2014	24-Apr-14	52.5835248168506
nc-senate-class-ii-2014	28-Apr-14	52.3399929197474
nc-senate-class-ii-2014	3-May-14	51.8336476845244
nc-senate-class-ii-2014	8-May-14	51.6446280253107
nc-senate-class-ii-2014	12-May-14	51.2696117187563
nc-senate-class-ii-2014	17-May-14	51.0261039635411
ne-senate-class-ii-2014	1-Jan-14	12.8685600797165
ne-senate-class-ii-2014	6-Jan-14	12.5266155582814
ne-senate-class-ii-2014	10-Jan-14	12.5109118324547
ne-senate-class-ii-2014	15-Jan-14	12.768808914209
ne-senate-class-ii-2014	20-Jan-14	11.2395078725089
ne-senate-class-ii-2014	24-Jan-14	12.0951765053035
ne-senate-class-ii-2014	29-Jan-14	11.4170053452308
ne-senate-class-ii-2014	3-Feb-14	13.0959902890166
ne-senate-class-ii-2014	8-Feb-14	12.8389244006056
ne-senate-class-ii-2014	12-Feb-14	13.25016918623
ne-senate-class-ii-2014	17-Feb-14	13.5314004974092
ne-senate-class-ii-2014	22-Feb-14	13.4917997770591
ne-senate-class-ii-2014	26-Feb-14	13.1514698704788
ne-senate-class-ii-2014	3-Mar-14	13.1494756596232
ne-senate-class-ii-2014	8-Mar-14	13.1983070187007
ne-senate-class-ii-2014	12-Mar-14	13.1494161956859
ne-senate-class-ii-2014	17-Mar-14	13.0824106329388
ne-senate-class-ii-2014	22-Mar-14	12.4963627126724
ne-senate-class-ii-2014	26-Mar-14	12.6211593638574
ne-senate-class-ii-2014	31-Mar-14	12.2216468037781
ne-senate-class-ii-2014	5-Apr-14	12.5571091209471
ne-senate-class-ii-2014	9-Apr-14	3.8175977744033
ne-senate-class-ii-2014	14-Apr-14	3.77947452090192
ne-senate-class-ii-2014	19-Apr-14	3.73801577120126
ne-senate-class-ii-2014	24-Apr-14	3.72506054021121
ne-senate-class-ii-2014	28-Apr-14	3.66299907965857
ne-senate-class-ii-2014	3-May-14	3.57466599656898
ne-senate-class-ii-2014	8-May-14	3.55833571695981
ne-senate-class-ii-2014	12-May-14	3.4923328173868
ne-senate-class-ii-2014	17-May-14	3.58896188275045
nh-senate-class-ii-2014	1-Jan-14	77.3711662233198
nh-senate-class-ii-2014	6-Jan-14	77.1692039965083
nh-senate-class-ii-2014	10-Jan-14	77.1069490056362
nh-senate-class-ii-2014	15-Jan-14	72.834398466224
nh-senate-class-ii-2014	20-Jan-14	71.044188204946
nh-senate-class-ii-2014	24-Jan-14	71.0427566041946
nh-senate-class-ii-2014	29-Jan-14	70.2576015726387
nh-senate-class-ii-2014	3-Feb-14	68.6962653439733
nh-senate-class-ii-2014	8-Feb-14	68.5585604292427
nh-senate-class-ii-2014	12-Feb-14	68.9239870347877
nh-senate-class-ii-2014	17-Feb-14	69.6966301123973
nh-senate-class-ii-2014	22-Feb-14	71.3531112498343
nh-senate-class-ii-2014	26-Feb-14	71.6617010388483
nh-senate-class-ii-2014	3-Mar-14	72.7155683109631
nh-senate-class-ii-2014	8-Mar-14	78.7785345949915
nh-senate-class-ii-2014	12-Mar-14	79.3557743761752
nh-senate-class-ii-2014	17-Mar-14	83.7640252875748
nh-senate-class-ii-2014	22-Mar-14	85.058465508555
nh-senate-class-ii-2014	26-Mar-14	86.260504205137
nh-senate-class-ii-2014	31-Mar-14	87.4132346815146
nh-senate-class-ii-2014	5-Apr-14	89.0819471299288
nh-senate-class-ii-2014	9-Apr-14	90.2867609430218
nh-senate-class-ii-2014	14-Apr-14	87.9983958543183
nh-senate-class-ii-2014	19-Apr-14	88.2185482025795
nh-senate-class-ii-2014	24-Apr-14	88.5202490754898
nh-senate-class-ii-2014	28-Apr-14	88.8162092353015
nh-senate-class-ii-2014	3-May-14	89.3048723192312
nh-senate-class-ii-2014	8-May-14	90.129729420754
nh-senate-class-ii-2014	12-May-14	90.6163736987878
nh-senate-class-ii-2014	17-May-14	91.1972938061366
nj-senate-class-ii-2014	1-Jan-14	99.3065451178799
nj-senate-class-ii-2014	6-Jan-14	99.2839610916313
nj-senate-class-ii-2014	10-Jan-14	99.2729879509914
nj-senate-class-ii-2014	15-Jan-14	99.2781081166318
nj-senate-class-ii-2014	20-Jan-14	99.0842598816685
nj-senate-class-ii-2014	24-Jan-14	99.1610445256943
nj-senate-class-ii-2014	29-Jan-14	99.1166734529675
nj-senate-class-ii-2014	3-Feb-14	99.2992420955747
nj-senate-class-ii-2014	8-Feb-14	99.2698358323263
nj-senate-class-ii-2014	12-Feb-14	99.2976271050342
nj-senate-class-ii-2014	17-Feb-14	99.3268679500446
nj-senate-class-ii-2014	22-Feb-14	99.3399186896192
nj-senate-class-ii-2014	26-Feb-14	99.3166692960647
nj-senate-class-ii-2014	3-Mar-14	99.3391762660183
nj-senate-class-ii-2014	8-Mar-14	99.3864379556717
nj-senate-class-ii-2014	12-Mar-14	99.3612718121327
nj-senate-class-ii-2014	17-Mar-14	99.3439798066908
nj-senate-class-ii-2014	22-Mar-14	99.2942801722204
nj-senate-class-ii-2014	26-Mar-14	99.2928430022189
nj-senate-class-ii-2014	31-Mar-14	99.1805524896584
nj-senate-class-ii-2014	5-Apr-14	99.2232658905691
nj-senate-class-ii-2014	9-Apr-14	99.1992128170708
nj-senate-class-ii-2014	14-Apr-14	99.1076898233933
nj-senate-class-ii-2014	19-Apr-14	99.1181607109516
nj-senate-class-ii-2014	24-Apr-14	99.117077238342
nj-senate-class-ii-2014	28-Apr-14	99.1134251498814
nj-senate-class-ii-2014	3-May-14	99.1166362109839
nj-senate-class-ii-2014	8-May-14	99.1634730243295
nj-senate-class-ii-2014	12-May-14	99.1555654350224
nj-senate-class-ii-2014	17-May-14	99.1604588210899
nm-senate-class-ii-2014	1-Jan-14	93.4492644272608
nm-senate-class-ii-2014	6-Jan-14	93.2805418903381
nm-senate-class-ii-2014	10-Jan-14	93.2178280459979
nm-senate-class-ii-2014	15-Jan-14	93.3311957700611
nm-senate-class-ii-2014	20-Jan-14	92.0672248362763
nm-senate-class-ii-2014	24-Jan-14	92.4945806227196
nm-senate-class-ii-2014	29-Jan-14	92.1708273081151
nm-senate-class-ii-2014	3-Feb-14	94.2197905594934
nm-senate-class-ii-2014	8-Feb-14	94.1651059064875
nm-senate-class-ii-2014	12-Feb-14	94.4924429091649
nm-senate-class-ii-2014	17-Feb-14	94.6363192757063
nm-senate-class-ii-2014	22-Feb-14	94.7455176041037
nm-senate-class-ii-2014	26-Feb-14	94.679385288866
nm-senate-class-ii-2014	3-Mar-14	94.6049430965888
nm-senate-class-ii-2014	8-Mar-14	94.6784385887762
nm-senate-class-ii-2014	12-Mar-14	94.7530036128423
nm-senate-class-ii-2014	17-Mar-14	99.1230551742613
nm-senate-class-ii-2014	22-Mar-14	99.1162424028339
nm-senate-class-ii-2014	26-Mar-14	99.1547962797753
nm-senate-class-ii-2014	31-Mar-14	99.0628352621226
nm-senate-class-ii-2014	5-Apr-14	99.1300238248686
nm-senate-class-ii-2014	9-Apr-14	99.1424918342136
nm-senate-class-ii-2014	14-Apr-14	99.2149671899461
nm-senate-class-ii-2014	19-Apr-14	99.262884284639
nm-senate-class-ii-2014	24-Apr-14	99.3124684686839
nm-senate-class-ii-2014	28-Apr-14	99.3589879693945
nm-senate-class-ii-2014	3-May-14	99.4218707379692
nm-senate-class-ii-2014	8-May-14	99.5090936943008
nm-senate-class-ii-2014	12-May-14	99.5677991126698
nm-senate-class-ii-2014	17-May-14	99.6293439286594
ok-senate-class-ii-2014	1-Jan-14	0.0368070183107604
ok-senate-class-ii-2014	6-Jan-14	0.0343171175006514
ok-senate-class-ii-2014	10-Jan-14	0.0344300657097769
ok-senate-class-ii-2014	15-Jan-14	0.0367366364231822
ok-senate-class-ii-2014	20-Jan-14	0.028090065633361
ok-senate-class-ii-2014	24-Jan-14	0.0335174897735871
ok-senate-class-ii-2014	29-Jan-14	0.028326685949172
ok-senate-class-ii-2014	3-Feb-14	0.0292464116275503
ok-senate-class-ii-2014	8-Feb-14	0.0285643915447329
ok-senate-class-ii-2014	12-Feb-14	0.0317293820652264
ok-senate-class-ii-2014	17-Feb-14	0.033142796377835
ok-senate-class-ii-2014	22-Feb-14	0.0327867632289583
ok-senate-class-ii-2014	26-Feb-14	0.0298233251738684
ok-senate-class-ii-2014	3-Mar-14	0.0282625145531839
ok-senate-class-ii-2014	8-Mar-14	0.0261663776070321
ok-senate-class-ii-2014	12-Mar-14	0.0275525028533938
ok-senate-class-ii-2014	17-Mar-14	0.0275563993911061
ok-senate-class-ii-2014	22-Mar-14	0.0249389371614763
ok-senate-class-ii-2014	26-Mar-14	0.0261802186258822
ok-senate-class-ii-2014	31-Mar-14	0.0261403370522904
ok-senate-class-ii-2014	5-Apr-14	0.0275965358982928
ok-senate-class-ii-2014	9-Apr-14	0.0243400707876714
ok-senate-class-ii-2014	14-Apr-14	0.0236554955142895
ok-senate-class-ii-2014	19-Apr-14	0.0234389269759346
ok-senate-class-ii-2014	24-Apr-14	0.0245175004371971
ok-senate-class-ii-2014	28-Apr-14	0.0243268041729994
ok-senate-class-ii-2014	3-May-14	0.0237283130447795
ok-senate-class-ii-2014	8-May-14	0.0237082950989691
ok-senate-class-ii-2014	12-May-14	0.0242322945757589
ok-senate-class-ii-2014	17-May-14	0.028901197268726
ok-senate-class-iii-2014	1-Jan-14	2.98777331085799e-06
ok-senate-class-iii-2014	6-Jan-14	3.15509062377972e-06
ok-senate-class-iii-2014	10-Jan-14	3.01087012216498e-06
ok-senate-class-iii-2014	15-Jan-14	3.06876524243042e-06
ok-senate-class-iii-2014	20-Jan-14	2.80990796411953e-06
ok-senate-class-iii-2014	24-Jan-14	3.55798298661215e-06
ok-senate-class-iii-2014	29-Jan-14	2.5254028457063e-06
ok-senate-class-iii-2014	3-Feb-14	2.72642900670129e-06
ok-senate-class-iii-2014	8-Feb-14	2.42164368625118e-06
ok-senate-class-iii-2014	12-Feb-14	2.78196941208382e-06
ok-senate-class-iii-2014	17-Feb-14	2.978021680275e-06
ok-senate-class-iii-2014	22-Feb-14	2.86699743246526e-06
ok-senate-class-iii-2014	26-Feb-14	2.46437774007401e-06
ok-senate-class-iii-2014	3-Mar-14	2.34117705594636e-06
ok-senate-class-iii-2014	8-Mar-14	2.04528346472676e-06
ok-senate-class-iii-2014	12-Mar-14	2.03893468285937e-06
ok-senate-class-iii-2014	17-Mar-14	1.88739221673388e-06
ok-senate-class-iii-2014	22-Mar-14	1.45989202856679e-06
ok-senate-class-iii-2014	26-Mar-14	1.5012529230663e-06
ok-senate-class-iii-2014	31-Mar-14	1.87059053117818e-06
ok-senate-class-iii-2014	5-Apr-14	1.8193596445743e-06
ok-senate-class-iii-2014	9-Apr-14	1.42737166286861e-06
ok-senate-class-iii-2014	14-Apr-14	1.50053676299876e-06
ok-senate-class-iii-2014	19-Apr-14	1.50538628287385e-06
ok-senate-class-iii-2014	24-Apr-14	1.5283008217058e-06
ok-senate-class-iii-2014	28-Apr-14	1.53972994759172e-06
ok-senate-class-iii-2014	3-May-14	1.43464982149775e-06
ok-senate-class-iii-2014	8-May-14	1.56072658889037e-06
ok-senate-class-iii-2014	12-May-14	1.45887362851063e-06
ok-senate-class-iii-2014	17-May-14	1.77544772720083e-06
or-senate-class-ii-2014	1-Jan-14	93.140400590554
or-senate-class-ii-2014	6-Jan-14	92.9578180417151
or-senate-class-ii-2014	10-Jan-14	92.8904621532659
or-senate-class-ii-2014	15-Jan-14	93.0012463811756
or-senate-class-ii-2014	20-Jan-14	91.6940867759808
or-senate-class-ii-2014	24-Jan-14	92.151366563276
or-senate-class-ii-2014	29-Jan-14	91.8054251109324
or-senate-class-ii-2014	3-Feb-14	93.4056062158442
or-senate-class-ii-2014	8-Feb-14	93.3208898420071
or-senate-class-ii-2014	12-Feb-14	93.6635414898705
or-senate-class-ii-2014	17-Feb-14	93.8320593571705
or-senate-class-ii-2014	22-Feb-14	93.949537171091
or-senate-class-ii-2014	26-Feb-14	93.8844732748307
or-senate-class-ii-2014	3-Mar-14	93.8304858935883
or-senate-class-ii-2014	8-Mar-14	93.9328860243129
or-senate-class-ii-2014	12-Mar-14	93.9853922178343
or-senate-class-ii-2014	17-Mar-14	93.9126563809751
or-senate-class-ii-2014	22-Mar-14	93.5832995975343
or-senate-class-ii-2014	26-Mar-14	93.6590410662522
or-senate-class-ii-2014	31-Mar-14	93.0625079910316
or-senate-class-ii-2014	5-Apr-14	95.8796265538615
or-senate-class-ii-2014	9-Apr-14	95.9285867059482
or-senate-class-ii-2014	14-Apr-14	96.0878798330126
or-senate-class-ii-2014	19-Apr-14	96.1634393399366
or-senate-class-ii-2014	24-Apr-14	96.2518099907406
or-senate-class-ii-2014	28-Apr-14	96.3334986144928
or-senate-class-ii-2014	3-May-14	96.4466436148292
or-senate-class-ii-2014	8-May-14	96.6703780799686
or-senate-class-ii-2014	12-May-14	96.8065705510679
or-senate-class-ii-2014	17-May-14	96.9725096218853
ri-senate-class-ii-2014	1-Jan-14	99.9929814895042
ri-senate-class-ii-2014	6-Jan-14	99.9935543878108
ri-senate-class-ii-2014	10-Jan-14	99.99396944746
ri-senate-class-ii-2014	15-Jan-14	99.9940476989342
ri-senate-class-ii-2014	20-Jan-14	99.9932707301955
ri-senate-class-ii-2014	24-Jan-14	99.9929832467135
ri-senate-class-ii-2014	29-Jan-14	99.9925929638176
ri-senate-class-ii-2014	3-Feb-14	99.9960507740102
ri-senate-class-ii-2014	8-Feb-14	99.9961943600715
ri-senate-class-ii-2014	12-Feb-14	99.9964288680088
ri-senate-class-ii-2014	17-Feb-14	99.9963689455377
ri-senate-class-ii-2014	22-Feb-14	99.9965554814622
ri-senate-class-ii-2014	26-Feb-14	99.9965639680129
ri-senate-class-ii-2014	3-Mar-14	99.996516898832
ri-senate-class-ii-2014	8-Mar-14	99.9961773979293
ri-senate-class-ii-2014	12-Mar-14	99.9962534514724
ri-senate-class-ii-2014	17-Mar-14	99.9965254830583
ri-senate-class-ii-2014	22-Mar-14	99.995838914536
ri-senate-class-ii-2014	26-Mar-14	99.9957685599091
ri-senate-class-ii-2014	31-Mar-14	99.995208859838
ri-senate-class-ii-2014	5-Apr-14	99.9949175872449
ri-senate-class-ii-2014	9-Apr-14	99.9938882633604
ri-senate-class-ii-2014	14-Apr-14	99.9946196893411
ri-senate-class-ii-2014	19-Apr-14	99.9952083299604
ri-senate-class-ii-2014	24-Apr-14	99.9952843639425
ri-senate-class-ii-2014	28-Apr-14	99.9953406017909
ri-senate-class-ii-2014	3-May-14	99.9949933573506
ri-senate-class-ii-2014	8-May-14	99.9954311457365
ri-senate-class-ii-2014	12-May-14	99.9954421185557
ri-senate-class-ii-2014	17-May-14	99.995115491848
sc-senate-class-ii-2014	1-Jan-14	7.24434812179376
sc-senate-class-ii-2014	6-Jan-14	7.08033918936092
sc-senate-class-ii-2014	10-Jan-14	7.06633267265228
sc-senate-class-ii-2014	15-Jan-14	7.15280039911107
sc-senate-class-ii-2014	20-Jan-14	6.36608099535902
sc-senate-class-ii-2014	24-Jan-14	6.8632840437864
sc-senate-class-ii-2014	29-Jan-14	6.46124915875607
sc-senate-class-ii-2014	3-Feb-14	5.27195023684525
sc-senate-class-ii-2014	8-Feb-14	5.09404223665777
sc-senate-class-ii-2014	12-Feb-14	5.22532517138473
sc-senate-class-ii-2014	17-Feb-14	5.37547740885348
sc-senate-class-ii-2014	22-Feb-14	5.35635997036259
sc-senate-class-ii-2014	26-Feb-14	5.23612175622476
sc-senate-class-ii-2014	3-Mar-14	5.30934218511654
sc-senate-class-ii-2014	8-Mar-14	5.38470046997593
sc-senate-class-ii-2014	12-Mar-14	5.28812238663928
sc-senate-class-ii-2014	17-Mar-14	5.18405257223672
sc-senate-class-ii-2014	22-Mar-14	4.97217195863046
sc-senate-class-ii-2014	26-Mar-14	5.01523517980098
sc-senate-class-ii-2014	31-Mar-14	4.8194661905115
sc-senate-class-ii-2014	5-Apr-14	4.98745927682051
sc-senate-class-ii-2014	9-Apr-14	4.82112116236127
sc-senate-class-ii-2014	14-Apr-14	4.77087857453893
sc-senate-class-ii-2014	19-Apr-14	4.73347308342602
sc-senate-class-ii-2014	24-Apr-14	4.76183901166735
sc-senate-class-ii-2014	28-Apr-14	4.70485016759917
sc-senate-class-ii-2014	3-May-14	4.69391081163914
sc-senate-class-ii-2014	8-May-14	4.77414113570159
sc-senate-class-ii-2014	12-May-14	4.71704407044606
sc-senate-class-ii-2014	17-May-14	4.93278127805328
sc-senate-class-iii-2014	1-Jan-14	4.28445820339224
sc-senate-class-iii-2014	6-Jan-14	4.14674264678277
sc-senate-class-iii-2014	10-Jan-14	4.13794602318941
sc-senate-class-iii-2014	15-Jan-14	4.19751329442907
sc-senate-class-iii-2014	20-Jan-14	3.61789290853417
sc-senate-class-iii-2014	24-Jan-14	4.03229574769166
sc-senate-class-iii-2014	29-Jan-14	3.69441424901554
sc-senate-class-iii-2014	3-Feb-14	2.28841465450311
sc-senate-class-iii-2014	8-Feb-14	2.17519414710677
sc-senate-class-iii-2014	12-Feb-14	2.22173548576193
sc-senate-class-iii-2014	17-Feb-14	2.31017187636116
sc-senate-class-iii-2014	22-Feb-14	2.28496909426431
sc-senate-class-iii-2014	26-Feb-14	2.22073262926606
sc-senate-class-iii-2014	3-Mar-14	2.28875636564947
sc-senate-class-iii-2014	8-Mar-14	2.33525564248997
sc-senate-class-iii-2014	12-Mar-14	2.24919670553544
sc-senate-class-iii-2014	17-Mar-14	2.19416230154819
sc-senate-class-iii-2014	22-Mar-14	2.07737394831472
sc-senate-class-iii-2014	26-Mar-14	2.09302260652014
sc-senate-class-iii-2014	31-Mar-14	2.04530149656236
sc-senate-class-iii-2014	5-Apr-14	2.14515646358732
sc-senate-class-iii-2014	9-Apr-14	2.03948676857705
sc-senate-class-iii-2014	14-Apr-14	1.97655094992505
sc-senate-class-iii-2014	19-Apr-14	1.94499793790293
sc-senate-class-iii-2014	24-Apr-14	1.96631056631058
sc-senate-class-iii-2014	28-Apr-14	1.92431721866051
sc-senate-class-iii-2014	3-May-14	1.92071056395045
sc-senate-class-iii-2014	8-May-14	1.93214744762224
sc-senate-class-iii-2014	12-May-14	1.9032834277654
sc-senate-class-iii-2014	17-May-14	2.04410572333627
sd-senate-class-ii-2014	1-Jan-14	8.2787619977345
sd-senate-class-ii-2014	6-Jan-14	7.91462602129995
sd-senate-class-ii-2014	10-Jan-14	7.85960285305643
sd-senate-class-ii-2014	15-Jan-14	7.9683473771301
sd-senate-class-ii-2014	20-Jan-14	7.0365966468342
sd-senate-class-ii-2014	24-Jan-14	7.58287502279594
sd-senate-class-ii-2014	29-Jan-14	7.05617934292445
sd-senate-class-ii-2014	3-Feb-14	6.97312073174146
sd-senate-class-ii-2014	8-Feb-14	6.8044942072729
sd-senate-class-ii-2014	12-Feb-14	6.94432028730994
sd-senate-class-ii-2014	17-Feb-14	7.08872911555688
sd-senate-class-ii-2014	22-Feb-14	7.09568525274682
sd-senate-class-ii-2014	26-Feb-14	3.00092711147852
sd-senate-class-ii-2014	3-Mar-14	2.97083595197531
sd-senate-class-ii-2014	8-Mar-14	2.88044013213962
sd-senate-class-ii-2014	12-Mar-14	2.86051927023666
sd-senate-class-ii-2014	17-Mar-14	2.7312516697534
sd-senate-class-ii-2014	22-Mar-14	2.57616000880251
sd-senate-class-ii-2014	26-Mar-14	2.53689773970689
sd-senate-class-ii-2014	31-Mar-14	2.45431176917825
sd-senate-class-ii-2014	5-Apr-14	2.47912666239112
sd-senate-class-ii-2014	9-Apr-14	2.3527626323235
sd-senate-class-ii-2014	14-Apr-14	2.25384824014092
sd-senate-class-ii-2014	19-Apr-14	2.25774359246398
sd-senate-class-ii-2014	24-Apr-14	2.21211042718719
sd-senate-class-ii-2014	28-Apr-14	2.11693300640595
sd-senate-class-ii-2014	3-May-14	2.00677904789916
sd-senate-class-ii-2014	8-May-14	1.8212409190178
sd-senate-class-ii-2014	12-May-14	1.7042876761506
sd-senate-class-ii-2014	17-May-14	1.70245907100289
tn-senate-class-ii-2014	1-Jan-14	2.73620609626739
tn-senate-class-ii-2014	6-Jan-14	2.68437348495879
tn-senate-class-ii-2014	10-Jan-14	2.68422482718214
tn-senate-class-ii-2014	15-Jan-14	2.71120510431315
tn-senate-class-ii-2014	20-Jan-14	2.44677647470861
tn-senate-class-ii-2014	24-Jan-14	2.63821784390926
tn-senate-class-ii-2014	29-Jan-14	2.35051087759341
tn-senate-class-ii-2014	3-Feb-14	1.84305093941927
tn-senate-class-ii-2014	8-Feb-14	1.76055831044306
tn-senate-class-ii-2014	12-Feb-14	1.79018277822758
tn-senate-class-ii-2014	17-Feb-14	1.84673466357038
tn-senate-class-ii-2014	22-Feb-14	1.82617180514136
tn-senate-class-ii-2014	26-Feb-14	1.77852734195114
tn-senate-class-ii-2014	3-Mar-14	1.82783545314957
tn-senate-class-ii-2014	8-Mar-14	1.87741441460643
tn-senate-class-ii-2014	12-Mar-14	1.81352947786566
tn-senate-class-ii-2014	17-Mar-14	1.77134192229417
tn-senate-class-ii-2014	22-Mar-14	1.69233184663321
tn-senate-class-ii-2014	26-Mar-14	1.70068760494262
tn-senate-class-ii-2014	31-Mar-14	1.63880159532411
tn-senate-class-ii-2014	5-Apr-14	1.70099421391806
tn-senate-class-ii-2014	9-Apr-14	1.65094900001529
tn-senate-class-ii-2014	14-Apr-14	1.63007790705665
tn-senate-class-ii-2014	19-Apr-14	1.60736495534727
tn-senate-class-ii-2014	24-Apr-14	1.61239060041924
tn-senate-class-ii-2014	28-Apr-14	1.58509049582804
tn-senate-class-ii-2014	3-May-14	1.58115851125171
tn-senate-class-ii-2014	8-May-14	1.61020029040672
tn-senate-class-ii-2014	12-May-14	1.57032518407601
tn-senate-class-ii-2014	17-May-14	1.64092525542035
tx-senate-class-ii-2014	1-Jan-14	2.30046093253684
tx-senate-class-ii-2014	6-Jan-14	2.21493541647092
tx-senate-class-ii-2014	10-Jan-14	2.21245516187159
tx-senate-class-ii-2014	15-Jan-14	2.25610560532199
tx-senate-class-ii-2014	20-Jan-14	1.91332991053708
tx-senate-class-ii-2014	24-Jan-14	2.16245934277312
tx-senate-class-ii-2014	29-Jan-14	1.95725394594131
tx-senate-class-ii-2014	3-Feb-14	1.71395859862138
tx-senate-class-ii-2014	8-Feb-14	1.63655382689777
tx-senate-class-ii-2014	12-Feb-14	1.68143182045021
tx-senate-class-ii-2014	17-Feb-14	1.73810437265887
tx-senate-class-ii-2014	22-Feb-14	1.7165317037975
tx-senate-class-ii-2014	26-Feb-14	1.6587855136443
tx-senate-class-ii-2014	3-Mar-14	2.74946681882619
tx-senate-class-ii-2014	8-Mar-14	2.77046032242037
tx-senate-class-ii-2014	12-Mar-14	2.70408730889321
tx-senate-class-ii-2014	17-Mar-14	2.68020694598758
tx-senate-class-ii-2014	22-Mar-14	2.5267331718848
tx-senate-class-ii-2014	26-Mar-14	2.54845751157896
tx-senate-class-ii-2014	31-Mar-14	2.46904662153964
tx-senate-class-ii-2014	5-Apr-14	2.57550795966008
tx-senate-class-ii-2014	9-Apr-14	2.42607626665583
tx-senate-class-ii-2014	14-Apr-14	2.36700941764599
tx-senate-class-ii-2014	19-Apr-14	0.438254197027346
tx-senate-class-ii-2014	24-Apr-14	0.421065358755085
tx-senate-class-ii-2014	28-Apr-14	0.394264257230617
tx-senate-class-ii-2014	3-May-14	0.36113121066898
tx-senate-class-ii-2014	8-May-14	0.32603813561453
tx-senate-class-ii-2014	12-May-14	0.296673442888876
tx-senate-class-ii-2014	17-May-14	0.286804791991419
va-senate-class-ii-2014	1-Jan-14	96.1562280004432
va-senate-class-ii-2014	6-Jan-14	96.0999710758359
va-senate-class-ii-2014	10-Jan-14	96.0725534766102
va-senate-class-ii-2014	15-Jan-14	96.0806312449036
va-senate-class-ii-2014	20-Jan-14	99.1167370070781
va-senate-class-ii-2014	24-Jan-14	98.1654709338089
va-senate-class-ii-2014	29-Jan-14	98.2861978517342
va-senate-class-ii-2014	3-Feb-14	97.7119229367841
va-senate-class-ii-2014	8-Feb-14	96.7246421897696
va-senate-class-ii-2014	12-Feb-14	96.9762694867455
va-senate-class-ii-2014	17-Feb-14	97.3654760310102
va-senate-class-ii-2014	22-Feb-14	97.7175221286832
va-senate-class-ii-2014	26-Feb-14	98.0041549315719
va-senate-class-ii-2014	3-Mar-14	98.9107245597914
va-senate-class-ii-2014	8-Mar-14	99.2278258469753
va-senate-class-ii-2014	12-Mar-14	99.373020327038
va-senate-class-ii-2014	17-Mar-14	99.5527816156369
va-senate-class-ii-2014	22-Mar-14	99.6932425994589
va-senate-class-ii-2014	26-Mar-14	99.281375371791
va-senate-class-ii-2014	31-Mar-14	99.1871458600147
va-senate-class-ii-2014	5-Apr-14	99.2491622658652
va-senate-class-ii-2014	9-Apr-14	99.4826419562634
va-senate-class-ii-2014	14-Apr-14	99.5274793990195
va-senate-class-ii-2014	19-Apr-14	99.5608052230472
va-senate-class-ii-2014	24-Apr-14	99.5956111887437
va-senate-class-ii-2014	28-Apr-14	99.628911363055
va-senate-class-ii-2014	3-May-14	99.6808455312781
va-senate-class-ii-2014	8-May-14	99.7413569009349
va-senate-class-ii-2014	12-May-14	99.7774799430187
va-senate-class-ii-2014	17-May-14	99.8152801627051
wv-senate-class-ii-2014	1-Jan-14	8.76631340804067
wv-senate-class-ii-2014	6-Jan-14	8.32440233010139
wv-senate-class-ii-2014	10-Jan-14	8.1876704591475
wv-senate-class-ii-2014	15-Jan-14	8.07125505069752
wv-senate-class-ii-2014	20-Jan-14	7.19523408073617
wv-senate-class-ii-2014	24-Jan-14	7.28577192486058
wv-senate-class-ii-2014	29-Jan-14	6.63892202607153
wv-senate-class-ii-2014	3-Feb-14	8.87579457001424
wv-senate-class-ii-2014	8-Feb-14	8.57942103440429
wv-senate-class-ii-2014	12-Feb-14	8.60064056900551
wv-senate-class-ii-2014	17-Feb-14	8.50584600838119
wv-senate-class-ii-2014	22-Feb-14	7.72218713425273
wv-senate-class-ii-2014	26-Feb-14	7.17318578128492
wv-senate-class-ii-2014	3-Mar-14	6.83930749012254
wv-senate-class-ii-2014	8-Mar-14	6.72848079661129
wv-senate-class-ii-2014	12-Mar-14	6.78746652465717
wv-senate-class-ii-2014	17-Mar-14	6.62523292679706
wv-senate-class-ii-2014	22-Mar-14	6.36994671412941
wv-senate-class-ii-2014	26-Mar-14	6.33788714108029
wv-senate-class-ii-2014	31-Mar-14	6.14979500702385
wv-senate-class-ii-2014	5-Apr-14	6.21741105220482
wv-senate-class-ii-2014	9-Apr-14	6.06697015581318
wv-senate-class-ii-2014	14-Apr-14	5.95615788873709
wv-senate-class-ii-2014	19-Apr-14	5.92598959415717
wv-senate-class-ii-2014	24-Apr-14	5.86660433218529
wv-senate-class-ii-2014	28-Apr-14	5.72636363077624
wv-senate-class-ii-2014	3-May-14	5.55281638047704
wv-senate-class-ii-2014	8-May-14	5.28240787438724
wv-senate-class-ii-2014	12-May-14	5.07182191335109
wv-senate-class-ii-2014	17-May-14	5.10276891968121
wy-senate-class-ii-2014	1-Jan-14	0.000725995464769172
wy-senate-class-ii-2014	6-Jan-14	0.000663846879711829
wy-senate-class-ii-2014	10-Jan-14	0.000668765630011051
wy-senate-class-ii-2014	15-Jan-14	0.00074155453014734
wy-senate-class-ii-2014	20-Jan-14	0.000531325540421483
wy-senate-class-ii-2014	24-Jan-14	0.000651433439540717
wy-senate-class-ii-2014	29-Jan-14	0.000522412228252969
wy-senate-class-ii-2014	3-Feb-14	0.000559021717060056
wy-senate-class-ii-2014	8-Feb-14	0.000563099684552724
wy-senate-class-ii-2014	12-Feb-14	0.000680394196110371
wy-senate-class-ii-2014	17-Feb-14	0.000711699776524387
wy-senate-class-ii-2014	22-Feb-14	0.000710199867135801
wy-senate-class-ii-2014	26-Feb-14	0.000608797537924071
wy-senate-class-ii-2014	3-Mar-14	0.000526658329298522
wy-senate-class-ii-2014	8-Mar-14	0.000438181838390481
wy-senate-class-ii-2014	12-Mar-14	0.000509691944666673
wy-senate-class-ii-2014	17-Mar-14	0.000515988601978681
wy-senate-class-ii-2014	22-Mar-14	0.000455342461633537
wy-senate-class-ii-2014	26-Mar-14	0.000498185173082843
wy-senate-class-ii-2014	31-Mar-14	0.000515183291306641
wy-senate-class-ii-2014	5-Apr-14	0.000544343653488175
wy-senate-class-ii-2014	9-Apr-14	0.000451835059744669
wy-senate-class-ii-2014	14-Apr-14	0.000440273830376522
wy-senate-class-ii-2014	19-Apr-14	0.000437532357677419
wy-senate-class-ii-2014	24-Apr-14	0.00047140952792529
wy-senate-class-ii-2014	28-Apr-14	0.000474538686540008
wy-senate-class-ii-2014	3-May-14	0.000454083816452156
wy-senate-class-ii-2014	8-May-14	0.000454297920492434
wy-senate-class-ii-2014	12-May-14	0.00047977602841534
wy-senate-class-ii-2014	17-May-14	0.000624597988411708
ak-senate-class-ii-2014	4-Jul-14	50.3674774170365
al-senate-class-ii-2014	4-Jul-14	3.47245014222758e-10
ar-senate-class-ii-2014	4-Jul-14	52.4044134548764
co-senate-class-ii-2014	4-Jul-14	72.6681977723036
de-senate-class-ii-2014	4-Jul-14	97.7855229886911
ga-senate-class-ii-2014	4-Jul-14	29.0085763903535
hi-senate-class-iii-2014	4-Jul-14	99.6933421544829
ia-senate-class-ii-2014	4-Jul-14	90.9231618774308
id-senate-class-ii-2014	4-Jul-14	0.0229597213817556
il-senate-class-ii-2014	4-Jul-14	99.2760564130351
ks-senate-class-ii-2014	4-Jul-14	0.575025668004333
ky-senate-class-ii-2014	4-Jul-14	19.9819715073099
la-senate-class-ii-2014	4-Jul-14	35.9284870388631
ma-senate-class-ii-2014	4-Jul-14	98.1550185964653
me-senate-class-ii-2014	4-Jul-14	1.51489039732198
mi-senate-class-ii-2014	4-Jul-14	50.6643247665306
mn-senate-class-ii-2014	4-Jul-14	97.7084983663567
ms-senate-class-ii-2014	4-Jul-14	7.68477517917098
mt-senate-class-ii-2014	4-Jul-14	8.04562184613478
nc-senate-class-ii-2014	4-Jul-14	47.4870089645101
ne-senate-class-ii-2014	4-Jul-14	3.27564360313059
nh-senate-class-ii-2014	4-Jul-14	94.424871549052
nj-senate-class-ii-2014	4-Jul-14	99.2158343130324
nm-senate-class-ii-2014	4-Jul-14	99.8747378934465
ok-senate-class-ii-2014	4-Jul-14	0.0235964007188933
ok-senate-class-iii-2014	4-Jul-14	1.3411462822722e-06
or-senate-class-ii-2014	4-Jul-14	97.8227823546929
ri-senate-class-ii-2014	4-Jul-14	99.9947571144048
sc-senate-class-ii-2014	4-Jul-14	4.8608840246372
sc-senate-class-iii-2014	4-Jul-14	1.99308273170337
sd-senate-class-ii-2014	4-Jul-14	0.916556665037368
tn-senate-class-ii-2014	4-Jul-14	1.63629803702292
tx-senate-class-ii-2014	4-Jul-14	0.131627939088408
va-senate-class-ii-2014	4-Jul-14	99.958632649163
wv-senate-class-ii-2014	4-Jul-14	3.57061302493574
wy-senate-class-ii-2014	4-Jul-14	0.000433397235036649
